CustomerID,Age,Annual_Income_K,Spending_Score,Purchase_Frequency,Avg_Order_Value,Tenure_Years,Returns_Count,Loyalty_Points,Region,Gender,CLV_Score,Return_Rate,Engagement_Score,Segment,Segment_Label
CUST1000,56,35,9,3,437.07,6.2,6,3008,East,Female,0.945,1.9354838709677418,91.16,2,At-Risk
CUST1001,69,88,74,40,293.89,7.5,3,2161,East,Male,260.48,0.07481296758104738,80.72,0,Budget Shoppers
CUST1002,46,41,52,34,34.59,10.0,2,153,South,Female,72.488,0.05865102639296187,53.06,1,High Value
CUST1003,32,112,57,40,466.86,9.4,0,3699,West,Female,255.36,0.0,120.98,0,Budget Shoppers
CUST1004,60,95,26,27,350.97,6.6,7,4410,East,Female,66.69,0.25830258302583026,121.2,1,High Value
CUST1005,25,105,41,13,344.73,4.5,2,3786,South,Male,55.965,0.15267175572519084,98.22,2,At-Risk
CUST1006,38,48,35,45,123.52,6.5,1,1064,North,Male,75.6,0.022172949002217293,53.78,1,High Value
CUST1007,56,88,63,33,336.27,8.0,3,4200,North,Female,182.952,0.09063444108761329,124.0,0,Budget Shoppers
CUST1008,36,66,25,6,209.05,1.6,2,1913,South,Male,9.9,0.3278688524590164,46.26,2,At-Risk
CUST1009,40,113,90,24,332.59,4.4,0,1216,South,Male,244.08,0.0,46.32,0,Budget Shoppers
CUST1010,28,104,75,19,71.16,8.5,2,2401,East,Male,148.2,0.10471204188481674,90.52000000000001,2,At-Risk
CUST1011,28,58,38,16,335.77,4.1,1,1772,North,Female,35.264,0.06211180124223602,55.94,2,At-Risk
CUST1012,41,119,2,40,499.72,5.9,7,1960,South,Female,9.52,0.17456359102244387,68.7,1,High Value
CUST1013,53,52,7,28,43.14,6.1,5,2780,North,Male,10.192,0.1779359430604982,86.1,1,High Value
CUST1014,57,120,82,33,489.04,2.3,8,4804,South,Male,324.72,0.2416918429003021,107.58,0,Budget Shoppers
CUST1015,41,42,91,48,215.32,3.9,7,4746,North,Male,183.456,0.14553014553014554,114.42,0,Budget Shoppers
CUST1016,20,29,34,41,437.96,3.7,9,2871,West,Female,40.426,0.218978102189781,75.92,1,High Value
CUST1017,39,88,91,13,395.55,0.7,2,660,East,Female,104.104,0.15267175572519084,16.7,2,At-Risk
CUST1018,19,119,17,43,292.17,0.7,4,2635,North,Male,86.989,0.09280742459396751,56.2,1,High Value
CUST1019,41,53,43,45,374.46,8.4,6,2329,West,Male,102.555,0.13303769401330376,88.58,1,High Value
CUST1020,61,115,59,25,441.69,3.1,4,3954,North,Male,169.625,0.1593625498007968,94.58,0,Budget Shoppers
CUST1021,47,20,51,42,213.99,5.4,7,2450,North,Male,42.84,0.166270783847981,76.0,1,High Value
CUST1022,55,88,54,36,176.98,3.3,4,1132,West,Female,171.072,0.11080332409972299,39.14,1,High Value
CUST1023,19,23,24,27,340.44,9.4,0,699,North,Male,14.904,0.0,60.980000000000004,1,High Value
CUST1024,38,35,25,38,407.77,3.0,4,2038,North,Female,33.25,0.10498687664041995,55.76,1,High Value
CUST1025,50,43,71,7,385.9,4.6,3,4647,East,Male,21.371,0.4225352112676057,115.94,2,At-Risk
CUST1026,29,99,52,5,402.95,8.8,5,4500,West,Male,25.74,0.9803921568627452,134.0,2,At-Risk
CUST1027,39,21,70,43,229.08,8.5,2,4557,West,Male,63.21,0.04640371229698376,133.64,1,High Value
CUST1028,61,147,88,45,412.56,2.3,4,2179,South,Male,582.12,0.08869179600886917,55.08,0,Budget Shoppers
CUST1029,42,103,33,51,77.7,8.1,1,2838,North,Male,173.349,0.019569471624266144,97.25999999999999,1,High Value
CUST1030,66,143,49,31,281.35,4.9,5,873,East,Female,217.217,0.1607717041800643,41.96,0,Budget Shoppers
CUST1031,44,52,29,23,22.76,5.1,5,83,North,Male,34.684,0.21645021645021645,27.16,2,At-Risk
CUST1032,59,120,63,42,175.8,1.8,4,1422,North,Male,317.52,0.09501187648456057,37.44,0,Budget Shoppers
CUST1033,45,31,22,10,195.9,1.3,5,2675,South,Male,6.82,0.49504950495049505,60.0,2,At-Risk
CUST1034,33,86,26,32,210.16,7.4,6,3180,North,Female,71.552,0.18691588785046728,100.6,1,High Value
CUST1035,32,84,28,43,353.82,5.2,4,4316,East,Female,101.136,0.09280742459396751,112.32,1,High Value
CUST1036,64,93,85,30,206.51,4.7,0,3975,East,Female,237.15,0.0,103.0,0,Budget Shoppers
CUST1037,68,62,49,39,235.37,7.4,7,1391,South,Female,118.482,0.17902813299232737,64.82,1,High Value
CUST1038,61,63,71,31,134.02,7.8,3,3218,North,Male,138.663,0.09646302250803858,103.36,1,High Value
CUST1039,69,48,81,18,199.16,2.0,8,4207,East,Male,69.984,0.4419889502762431,94.14,2,At-Risk
CUST1040,20,31,84,36,129.09,6.3,9,614,North,Male,93.744,0.2493074792243767,43.78,2,At-Risk
CUST1041,54,114,49,2,55.13,1.8,5,2971,North,Female,11.172,2.380952380952381,68.42,3,Loyal Mid-Tier
CUST1042,68,65,20,14,309.66,7.6,0,3565,North,Male,18.2,0.0,109.3,2,At-Risk
CUST1043,24,149,86,13,340.74,6.7,2,3576,South,Male,166.582,0.15267175572519084,105.02,0,Budget Shoppers
CUST1044,38,54,92,29,317.36,9.6,2,4570,North,Female,144.072,0.06872852233676975,139.4,0,Budget Shoppers
CUST1045,26,100,63,12,242.48,1.2,9,270,East,Female,75.6,0.7438016528925621,11.4,2,At-Risk
CUST1046,56,109,61,39,202.3,1.0,3,4066,North,Female,259.311,0.07672634271099744,86.32,0,Budget Shoppers
CUST1047,35,27,49,2,434.4,3.2,5,2468,East,Male,2.646,2.380952380952381,65.36,2,At-Risk
CUST1048,21,112,71,32,269.16,3.0,6,1390,North,Male,254.464,0.18691588785046728,42.8,0,Budget Shoppers
CUST1049,42,109,1,13,250.01,2.8,9,3354,East,Female,1.417,0.6870229007633588,81.08,2,At-Risk
CUST1050,31,134,96,46,32.31,9.1,3,4135,East,Male,591.744,0.0650759219088937,128.2,0,Budget Shoppers
CUST1051,67,124,13,27,183.8,2.9,5,3607,North,Female,43.524,0.18450184501845018,86.64,1,High Value
CUST1052,26,77,94,49,202.49,3.1,0,2583,North,Female,354.662,0.0,67.16,0,Budget Shoppers
CUST1053,43,133,87,41,211.43,7.7,7,4073,East,Male,474.411,0.170316301703163,119.96,0,Budget Shoppers
CUST1054,19,94,51,17,298.48,4.8,6,3075,West,Female,81.498,0.3508771929824561,85.5,2,At-Risk
CUST1055,37,139,56,40,276.13,7.9,8,3906,South,Female,311.36,0.199501246882793,117.62,0,Budget Shoppers
CUST1056,45,40,83,31,311.79,1.1,2,289,West,Female,102.92,0.06430868167202572,11.280000000000001,2,At-Risk
CUST1057,64,120,62,34,387.14,5.1,1,2480,West,Male,252.96,0.029325513196480937,75.1,0,Budget Shoppers
CUST1058,24,118,32,24,410.23,0.8,0,3252,North,Female,90.624,0.0,69.04,1,High Value
CUST1059,61,55,30,45,364.7,1.1,2,278,South,Female,74.25,0.044345898004434586,11.059999999999999,1,High Value
CUST1060,25,115,29,35,478.65,9.1,4,2924,West,Female,116.725,0.11396011396011396,103.97999999999999,1,High Value
CUST1061,64,56,49,48,28.75,1.8,1,580,North,Female,131.712,0.020790020790020788,20.6,1,High Value
CUST1062,52,31,45,6,113.97,5.6,2,4958,West,Female,8.37,0.3278688524590164,127.16,2,At-Risk
CUST1063,31,132,93,19,23.63,4.4,3,253,West,Female,233.244,0.15706806282722513,27.06,0,Budget Shoppers
CUST1064,34,32,30,30,330.79,3.8,6,4276,North,Female,28.8,0.19933554817275748,104.52,1,High Value
CUST1065,53,42,16,7,451.05,9.0,2,4776,North,Male,4.704,0.28169014084507044,140.51999999999998,2,At-Risk
CUST1066,67,118,40,10,136.87,0.7,8,824,North,Male,47.2,0.7920792079207921,19.98,2,At-Risk
CUST1067,57,124,19,41,464.98,6.8,7,3832,South,Female,96.596,0.170316301703163,110.64,1,High Value
CUST1068,21,49,18,32,48.93,9.7,3,699,West,Male,28.224,0.09345794392523364,62.480000000000004,1,High Value
CUST1069,19,36,1,34,468.53,5.8,0,1380,North,Male,1.224,0.0,56.6,1,High Value
CUST1070,23,132,78,28,188.78,9.4,0,3896,East,Female,288.288,0.0,124.92,0,Budget Shoppers
CUST1071,59,81,47,15,68.68,1.0,0,1673,West,Male,57.105,0.0,38.46,2,At-Risk
CUST1072,21,103,66,30,253.22,4.5,0,2727,East,Female,203.94,0.0,77.03999999999999,0,Budget Shoppers
CUST1073,46,131,92,37,143.25,3.0,7,3156,South,Female,445.924,0.18867924528301885,78.12,0,Budget Shoppers
CUST1074,35,105,94,29,156.74,7.4,2,3388,North,Female,286.23,0.06872852233676975,104.76,0,Budget Shoppers
CUST1075,43,38,38,22,167.5,9.8,5,4307,East,Female,31.768,0.2262443438914027,135.14,2,At-Risk
CUST1076,61,119,51,4,405.45,2.9,2,383,South,Female,24.276,0.48780487804878053,22.16,2,At-Risk
CUST1077,51,95,63,20,278.8,6.7,4,341,North,Male,119.7,0.1990049751243781,40.32,2,At-Risk
CUST1078,27,28,4,32,169.43,2.4,6,1987,East,Female,3.584,0.18691588785046728,51.74,1,High Value
CUST1079,53,47,1,36,312.96,5.9,1,4059,East,Male,1.692,0.027700831024930747,110.68,1,High Value
CUST1080,31,147,8,50,363.75,4.9,5,4939,South,Female,58.8,0.0998003992015968,123.28,1,High Value
CUST1081,48,71,29,4,150.86,9.7,5,3109,North,Female,8.236,1.2195121951219514,110.68,2,At-Risk
CUST1082,65,102,55,27,218.5,6.3,2,4082,North,Female,151.47,0.07380073800738007,113.14,1,High Value
CUST1083,32,130,3,17,78.51,3.8,5,4515,East,Male,6.63,0.29239766081871343,109.3,2,At-Risk
CUST1084,25,136,32,12,106.95,1.6,9,2798,East,Female,52.224,0.7438016528925621,63.96,2,At-Risk
CUST1085,31,88,10,22,346.94,1.9,9,3240,East,Female,19.36,0.4072398190045249,74.3,1,High Value
CUST1086,40,118,74,17,107.09,2.6,4,1988,North,Female,148.444,0.23391812865497075,52.76,2,At-Risk
CUST1087,57,44,83,10,272.08,2.9,1,3414,South,Female,36.52,0.09900990099009901,82.78,2,At-Risk
CUST1088,38,142,34,1,360.34,8.6,8,1849,South,Male,4.828,7.2727272727272725,79.97999999999999,3,Loyal Mid-Tier
CUST1089,33,72,97,22,71.3,5.8,7,305,North,Female,153.648,0.3167420814479638,35.1,2,At-Risk
CUST1090,62,76,87,26,292.31,5.5,2,3613,West,Male,171.912,0.07662835249042145,99.76,0,Budget Shoppers
CUST1091,35,58,55,18,143.15,1.6,7,2749,South,Female,57.42,0.38674033149171266,62.98,2,At-Risk
CUST1092,64,128,92,50,482.2,8.7,8,4964,East,Male,588.8,0.1596806387225549,142.78,0,Budget Shoppers
CUST1093,41,61,32,14,252.1,7.4,2,1135,West,Male,27.328,0.14184397163120568,59.7,2,At-Risk
CUST1094,43,141,50,47,406.88,1.1,2,205,West,Female,331.35,0.04246284501061571,9.6,0,Budget Shoppers
CUST1095,42,94,7,29,284.11,7.2,1,4591,South,Female,19.082,0.034364261168384876,127.82,1,High Value
CUST1096,62,95,93,12,40.84,5.7,7,3450,West,Male,106.02,0.578512396694215,97.5,2,At-Risk
CUST1097,58,28,8,36,323.91,1.3,9,3811,West,Female,8.064,0.2493074792243767,82.72,1,High Value
CUST1098,46,93,65,35,476.67,4.9,0,3622,South,Female,211.575,0.0,96.94,0,Budget Shoppers
CUST1099,32,26,57,12,308.77,5.1,7,3599,South,Female,17.784,0.578512396694215,97.48,2,At-Risk
CUST1100,62,46,67,7,413.21,2.1,6,2551,West,Male,21.574,0.8450704225352114,61.52,2,At-Risk
CUST1101,18,141,88,29,444.42,9.5,6,4308,East,Female,359.832,0.20618556701030927,133.66,0,Budget Shoppers
CUST1102,42,24,87,11,129.48,8.6,2,309,North,Female,22.968,0.1801801801801802,49.18,2,At-Risk
CUST1103,24,48,59,33,121.78,6.9,0,2708,West,Female,93.456,0.0,88.66,1,High Value
CUST1104,26,102,72,6,313.27,4.9,3,1991,West,Male,44.064,0.49180327868852464,64.32,2,At-Risk
CUST1105,41,128,54,47,217.29,4.4,8,271,East,Female,324.864,0.16985138004246284,27.42,0,Budget Shoppers
CUST1106,18,84,67,15,423.13,6.7,4,3642,West,Male,84.42,0.26490066225165565,106.34,2,At-Risk
CUST1107,61,105,51,32,452.01,5.7,0,4086,West,Female,171.36,0.0,110.22,1,High Value
CUST1108,25,90,97,51,189.64,1.1,4,1822,North,Male,445.23,0.07827788649706457,41.94,0,Budget Shoppers
CUST1109,41,64,92,11,133.7,5.4,7,3273,North,Female,64.768,0.6306306306306306,92.46,2,At-Risk
CUST1110,28,55,8,23,394.65,8.2,7,4538,North,Female,10.12,0.30303030303030304,131.76,1,High Value
CUST1111,68,89,34,26,151.91,4.9,4,4349,South,Male,78.676,0.1532567049808429,111.48,1,High Value
CUST1112,34,38,35,34,414.85,1.0,8,520,South,Male,45.22,0.2346041055718475,15.4,1,High Value
CUST1113,25,127,96,46,223.39,8.0,0,976,North,Male,560.832,0.0,59.519999999999996,0,Budget Shoppers
CUST1114,52,110,88,34,340.42,2.4,3,3722,North,Female,329.12,0.0879765395894428,86.44,0,Budget Shoppers
CUST1115,52,109,78,29,65.86,3.0,2,3551,South,Female,246.558,0.06872852233676975,86.02,0,Budget Shoppers
CUST1116,50,38,32,4,319.45,2.1,1,4105,East,Female,4.864,0.24390243902439027,92.6,2,At-Risk
CUST1117,22,58,46,17,236.85,3.6,7,2773,West,Female,45.356,0.4093567251461988,73.46000000000001,2,At-Risk
CUST1118,59,145,16,35,301.57,7.7,6,2552,West,Male,81.2,0.17094017094017094,89.53999999999999,1,High Value
CUST1119,56,145,68,13,100.65,5.4,8,2832,North,Female,128.18,0.6106870229007634,83.64,2,At-Risk
CUST1120,58,77,37,41,373.7,2.4,1,3907,East,Female,116.809,0.024330900243309,90.14,1,High Value
CUST1121,45,80,54,39,434.14,8.8,3,152,South,Female,168.48,0.07672634271099744,47.04,1,High Value
CUST1122,24,146,85,15,124.04,8.9,5,2964,North,Female,186.15,0.33112582781456956,103.78,0,Budget Shoppers
CUST1123,26,124,14,29,65.94,8.8,2,2916,East,Female,50.344,0.06872852233676975,102.32,1,High Value
CUST1124,25,20,95,29,31.35,2.8,7,2800,East,Female,55.1,0.24054982817869414,70.0,2,At-Risk
CUST1125,29,111,55,11,328.15,4.8,2,1752,East,Female,67.155,0.1801801801801802,59.04,2,At-Risk
CUST1126,51,132,48,32,311.41,9.9,1,2610,South,Male,202.752,0.03115264797507788,101.7,0,Budget Shoppers
CUST1127,50,75,82,2,282.41,7.8,2,3875,South,Female,12.3,0.9523809523809523,116.5,2,At-Risk
CUST1128,65,136,7,47,131.33,0.8,5,1104,West,Female,44.744,0.10615711252653927,26.08,1,High Value
CUST1129,40,77,74,14,207.63,1.1,1,2536,West,Female,79.772,0.07092198581560284,56.22,2,At-Risk
CUST1130,41,63,7,20,305.35,4.9,7,4990,East,Female,8.82,0.34825870646766166,124.3,1,High Value
CUST1131,54,80,33,22,258.45,9.1,0,4199,East,Male,58.08,0.0,129.48000000000002,1,High Value
CUST1132,52,66,23,11,494.14,5.6,6,3854,South,Male,16.698,0.5405405405405406,105.08,2,At-Risk
CUST1133,61,99,85,27,85.49,5.2,1,3494,West,Male,227.205,0.03690036900369004,95.88,0,Budget Shoppers
CUST1134,57,137,19,3,353.67,1.5,9,1914,East,Male,7.809,2.903225806451613,45.78,3,Loyal Mid-Tier
CUST1135,39,39,19,17,214.07,6.7,5,3072,West,Male,12.597,0.29239766081871343,94.94,2,At-Risk
CUST1136,44,66,36,44,225.54,8.3,1,1006,West,Male,104.544,0.022675736961451247,61.620000000000005,1,High Value
CUST1137,52,68,29,28,364.45,4.1,1,406,East,Female,55.216,0.03558718861209964,28.619999999999997,1,High Value
CUST1138,18,33,60,29,352.37,7.9,9,166,South,Male,57.42,0.30927835051546393,42.82,2,At-Risk
CUST1139,52,20,82,21,495.8,9.7,7,508,East,Male,34.44,0.33175355450236965,58.66,2,At-Risk
CUST1140,54,136,2,47,81.63,2.4,1,1661,East,Female,12.784,0.021231422505307854,45.22,1,High Value
CUST1141,64,73,1,16,69.97,5.5,6,3664,West,Male,1.168,0.37267080745341613,100.78,1,High Value
CUST1142,31,137,47,37,367.68,3.2,2,3489,East,Female,238.243,0.053908355795148244,85.78,0,Budget Shoppers
CUST1143,20,22,69,20,297.63,8.0,7,4858,South,Female,30.36,0.34825870646766166,137.16,2,At-Risk
CUST1144,18,31,20,6,151.6,6.0,6,680,East,Male,3.72,0.9836065573770493,43.6,2,At-Risk
CUST1145,22,93,11,19,58.12,6.5,7,2524,South,Female,19.437,0.36649214659685864,82.97999999999999,2,At-Risk
CUST1146,43,35,2,5,61.12,8.1,6,2120,South,Male,0.35,1.1764705882352942,82.9,2,At-Risk
CUST1147,31,121,67,3,449.21,4.3,5,4677,West,Male,24.321,1.6129032258064515,115.04,2,At-Risk
CUST1148,56,136,87,1,112.1,9.2,6,4357,North,Female,11.832,5.454545454545454,133.14,3,Loyal Mid-Tier
CUST1149,44,27,12,38,175.22,5.6,4,1363,North,Female,12.312,0.10498687664041995,55.260000000000005,1,High Value
CUST1150,26,141,20,15,128.8,2.0,6,1331,West,Male,42.3,0.3973509933774835,36.620000000000005,2,At-Risk
CUST1151,32,111,5,34,190.4,7.1,0,2292,East,Female,18.87,0.0,81.34,1,High Value
CUST1152,32,109,37,35,53.32,8.0,0,1538,West,Female,141.155,0.0,70.76,1,High Value
CUST1153,43,79,38,49,269.15,3.5,8,3408,South,Male,147.098,0.1629327902240326,85.66,1,High Value
CUST1154,59,47,94,25,52.45,8.6,4,560,North,Male,110.45,0.1593625498007968,54.2,2,At-Risk
CUST1155,30,120,9,24,404.17,9.1,4,1099,West,Female,25.92,0.16597510373443983,67.48,1,High Value
CUST1156,68,60,98,12,132.18,3.1,2,1903,East,Male,70.56,0.1652892561983471,53.56,2,At-Risk
CUST1157,49,65,53,18,279.21,9.8,4,174,West,Male,62.01,0.22099447513812154,52.48,2,At-Risk
CUST1158,56,54,44,15,442.44,1.8,2,2156,North,Male,35.64,0.13245033112582782,52.12,2,At-Risk
CUST1159,66,101,99,44,332.42,2.4,8,2230,West,Male,439.956,0.18140589569160998,56.6,0,Budget Shoppers
CUST1160,69,134,86,16,275.82,2.3,8,4287,West,Male,184.384,0.49689440993788814,97.24,0,Budget Shoppers
CUST1161,49,66,24,27,175.68,9.0,5,4160,North,Male,42.768,0.18450184501845018,128.2,1,High Value
CUST1162,21,29,81,8,179.84,6.7,0,3920,South,Male,18.792,0.0,111.9,2,At-Risk
CUST1163,47,75,74,46,341.35,1.9,6,1497,South,Female,255.3,0.1301518438177874,39.44,0,Budget Shoppers
CUST1164,54,49,30,25,497.19,4.7,6,3854,North,Male,36.75,0.2390438247011952,100.58,1,High Value
CUST1165,40,128,59,17,337.68,6.3,9,3171,West,Female,128.384,0.5263157894736842,94.92,2,At-Risk
CUST1166,56,24,87,29,287.74,1.3,9,1567,North,Female,60.552,0.30927835051546393,37.84,2,At-Risk
CUST1167,62,138,96,8,370.71,8.9,3,1151,South,Female,105.984,0.3703703703703704,67.52,2,At-Risk
CUST1168,32,52,81,15,243.3,8.1,7,368,East,Male,63.18,0.4635761589403974,47.86,2,At-Risk
CUST1169,60,137,81,27,48.87,5.3,5,4946,West,Male,299.619,0.18450184501845018,125.42,0,Budget Shoppers
CUST1170,46,84,14,46,289.9,9.7,3,42,South,Female,54.096,0.0650759219088937,49.34,1,High Value
CUST1171,53,30,9,50,479.66,4.5,3,1907,West,Male,13.5,0.059880239520958084,60.64,1,High Value
CUST1172,30,104,40,7,104.15,9.8,1,3490,North,Female,29.12,0.14084507042253522,118.8,2,At-Risk
CUST1173,49,45,66,3,351.2,6.8,1,2535,East,Male,8.91,0.3225806451612903,84.7,2,At-Risk
CUST1174,24,82,25,29,116.45,6.5,3,4173,North,Male,59.45,0.10309278350515463,115.96,1,High Value
CUST1175,68,105,73,44,277.2,2.1,4,2873,East,Female,337.26,0.09070294784580499,67.96000000000001,0,Budget Shoppers
CUST1176,39,78,22,24,66.4,8.9,7,1824,West,Female,41.184,0.2904564315352697,80.97999999999999,1,High Value
CUST1177,45,46,4,3,236.18,4.6,5,1293,West,Female,0.552,1.6129032258064515,48.86,2,At-Risk
CUST1178,19,117,26,20,382.96,2.0,3,4769,North,Male,60.84,0.14925373134328357,105.38,2,At-Risk
CUST1179,59,124,58,46,186.83,0.6,6,4796,East,Female,330.832,0.1301518438177874,98.92,0,Budget Shoppers
CUST1180,62,118,29,15,339.16,5.8,7,4854,East,Male,51.33,0.4635761589403974,126.08,2,At-Risk
CUST1181,23,148,98,25,401.82,5.5,1,3386,West,Male,362.6,0.0398406374501992,95.22,0,Budget Shoppers
CUST1182,45,74,87,30,465.05,7.3,6,2972,North,Male,193.14,0.19933554817275748,95.94,0,Budget Shoppers
CUST1183,45,25,37,14,132.63,9.0,1,3922,East,Female,12.95,0.07092198581560284,123.44,2,At-Risk
CUST1184,61,114,75,7,211.67,1.3,1,4997,West,Female,59.85,0.14084507042253522,106.44,2,At-Risk
CUST1185,61,121,70,17,93.16,7.4,7,992,South,Female,143.99,0.4093567251461988,56.84,2,At-Risk
CUST1186,37,22,18,44,496.39,2.3,1,2386,North,Male,17.424,0.022675736961451247,59.22,1,High Value
CUST1187,47,42,85,20,464.96,8.7,8,2240,South,Male,71.4,0.3980099502487562,88.3,2,At-Risk
CUST1188,28,72,42,36,279.18,8.3,0,1476,North,Female,108.864,0.0,71.02,1,High Value
CUST1189,45,102,41,9,424.18,5.6,8,3407,West,Male,37.638,0.8791208791208791,96.14,2,At-Risk
CUST1190,42,104,38,38,270.06,7.2,0,389,East,Male,150.176,0.0,43.78,1,High Value
CUST1191,56,97,34,48,319.32,3.5,9,999,East,Female,158.304,0.1871101871101871,37.480000000000004,1,High Value
CUST1192,50,129,17,22,62.78,5.0,9,4620,East,Female,48.246,0.4072398190045249,117.4,1,High Value
CUST1193,18,20,37,2,382.53,8.3,1,1855,North,Female,1.48,0.47619047619047616,78.6,2,At-Risk
CUST1194,44,70,25,24,81.3,4.9,5,658,West,Male,42.0,0.20746887966804978,37.66,1,High Value
CUST1195,69,23,76,8,416.51,3.9,5,2763,South,Male,13.984,0.617283950617284,74.75999999999999,2,At-Risk
CUST1196,30,132,87,11,395.37,5.2,0,3663,West,Male,126.324,0.0,99.26,0,Budget Shoppers
CUST1197,58,51,86,13,360.2,8.4,6,4986,South,Male,57.018,0.4580152671755725,141.72,2,At-Risk
CUST1198,20,53,85,17,37.36,3.7,7,1481,North,Male,76.585,0.4093567251461988,48.120000000000005,2,At-Risk
CUST1199,56,111,27,8,165.5,2.2,1,3731,North,Female,23.976,0.1234567901234568,85.62,2,At-Risk
CUST1200,23,114,57,21,146.29,7.3,7,451,South,Male,136.458,0.33175355450236965,45.519999999999996,2,At-Risk
CUST1201,25,91,31,18,192.87,8.3,8,2475,South,Male,50.778,0.4419889502762431,91.0,2,At-Risk
CUST1202,44,58,6,30,62.07,1.5,5,3222,South,Male,10.44,0.16611295681063123,71.94,1,High Value
CUST1203,26,137,91,18,469.74,2.8,4,1537,West,Female,224.406,0.22099447513812154,44.739999999999995,0,Budget Shoppers
CUST1204,54,22,40,46,285.83,1.8,8,3093,South,Female,40.48,0.1735357917570499,70.86,1,High Value
CUST1205,50,142,98,47,166.65,3.8,8,882,North,Female,654.052,0.16985138004246284,36.64,0,Budget Shoppers
CUST1206,68,69,12,31,210.55,4.8,0,4408,North,Male,25.668,0.0,112.16,1,High Value
CUST1207,59,31,53,38,234.66,7.6,2,4068,East,Female,62.434,0.05249343832020997,119.36,1,High Value
CUST1208,61,73,71,32,308.29,6.7,8,4935,South,Female,165.856,0.24922118380062305,132.2,0,Budget Shoppers
CUST1209,41,76,10,11,267.53,6.4,1,2566,West,Female,8.36,0.0900900900900901,83.32,2,At-Risk
CUST1210,32,131,45,45,461.31,3.8,3,3277,West,Male,265.275,0.06651884700665188,84.54,0,Budget Shoppers
CUST1211,49,66,17,25,258.54,8.5,3,374,West,Female,28.05,0.1195219123505976,49.980000000000004,1,High Value
CUST1212,49,104,26,33,496.24,5.0,1,4546,East,Male,89.232,0.030211480362537763,115.92,1,High Value
CUST1213,41,85,85,38,428.68,9.8,2,3697,North,Male,274.55,0.05249343832020997,122.94,0,Budget Shoppers
CUST1214,58,94,92,41,120.09,6.5,2,3062,West,Female,354.568,0.048661800486618,93.74000000000001,0,Budget Shoppers
CUST1215,69,122,62,8,466.69,1.7,0,4690,North,Male,60.512,0.0,102.3,2,At-Risk
CUST1216,66,57,46,11,75.86,6.9,5,3250,East,Female,28.842,0.45045045045045046,99.5,2,At-Risk
CUST1217,66,69,64,22,412.38,3.6,7,4595,South,Male,97.152,0.3167420814479638,109.9,2,At-Risk
CUST1218,69,117,2,51,202.7,7.0,2,4559,South,Female,11.934,0.03913894324853229,126.18,1,High Value
CUST1219,29,101,54,24,441.43,1.2,4,112,South,Female,130.896,0.16597510373443983,8.24,2,At-Risk
CUST1220,56,49,65,41,436.67,2.2,0,3197,West,Female,130.585,0.0,74.94,1,High Value
CUST1221,19,98,51,17,406.84,8.6,9,2378,South,Male,84.966,0.5263157894736842,90.56,2,At-Risk
CUST1222,20,110,53,12,399.21,2.7,6,1924,West,Female,69.96,0.49586776859504134,51.98,2,At-Risk
CUST1223,66,71,36,46,166.25,8.5,9,139,East,Male,117.576,0.19522776572668113,45.28,1,High Value
CUST1224,54,98,26,32,58.84,3.2,0,1424,East,Female,81.536,0.0,44.480000000000004,1,High Value
CUST1225,66,49,29,15,213.43,6.6,8,2949,West,Male,21.315,0.5298013245033113,91.97999999999999,2,At-Risk
CUST1226,34,125,21,16,103.29,7.1,7,3168,North,Male,42.0,0.43478260869565216,98.86,2,At-Risk
CUST1227,66,70,11,22,353.58,5.4,6,516,South,Female,16.94,0.27149321266968324,37.32,1,High Value
CUST1228,19,100,40,28,186.13,3.4,9,2616,South,Female,112.0,0.32028469750889677,69.32,1,High Value
CUST1229,19,48,11,20,488.29,2.5,6,887,South,Female,10.56,0.29850746268656714,30.24,2,At-Risk
CUST1230,45,93,36,33,327.67,0.8,4,3104,West,Female,110.484,0.12084592145015105,66.08,1,High Value
CUST1231,40,36,59,10,414.79,3.4,4,49,East,Female,21.24,0.39603960396039606,17.98,2,At-Risk
CUST1232,54,103,39,40,83.61,6.7,4,3951,South,Male,160.68,0.0997506234413965,112.52,1,High Value
CUST1233,49,88,99,32,433.77,9.4,0,3560,East,Female,278.784,0.0,118.2,0,Budget Shoppers
CUST1234,50,53,54,50,462.92,8.8,7,18,South,Female,143.1,0.13972055888223553,44.36,1,High Value
CUST1235,18,25,98,33,253.79,7.8,0,4821,South,Male,80.85,0.0,135.42000000000002,2,At-Risk
CUST1236,36,72,55,2,311.0,8.0,3,1473,West,Female,7.92,1.4285714285714286,69.46000000000001,2,At-Risk
CUST1237,19,145,24,33,387.11,6.8,8,4061,North,Female,114.84,0.2416918429003021,115.22,1,High Value
CUST1238,61,62,22,33,103.92,3.0,8,2606,West,Male,45.012,0.2416918429003021,67.12,1,High Value
CUST1239,43,134,69,41,261.23,9.1,4,451,South,Female,379.086,0.097323600973236,54.519999999999996,0,Budget Shoppers
CUST1240,49,130,56,13,211.36,6.9,3,3765,South,Female,94.64,0.22900763358778625,109.8,2,At-Risk
CUST1241,23,99,33,30,90.26,5.8,2,2438,North,Female,98.01,0.06644518272425248,77.75999999999999,1,High Value
CUST1242,49,114,36,33,196.42,1.6,2,4310,East,Male,135.432,0.060422960725075525,94.2,1,High Value
CUST1243,21,137,20,13,52.72,4.7,4,1549,East,Female,35.62,0.3053435114503817,54.480000000000004,2,At-Risk
CUST1244,28,27,83,26,32.39,4.9,9,3474,South,Male,58.266,0.3448275862068965,93.98,2,At-Risk
CUST1245,34,123,99,22,84.88,8.7,0,127,East,Female,267.894,0.0,46.04,0,Budget Shoppers
CUST1246,55,44,81,39,482.3,5.7,4,4855,South,Male,138.996,0.10230179028132992,125.6,1,High Value
CUST1247,41,115,62,2,283.77,4.1,5,2761,North,Female,14.26,2.380952380952381,75.72,3,Loyal Mid-Tier
CUST1248,22,112,98,38,483.59,9.8,6,4456,North,Male,417.088,0.15748031496062992,138.12,0,Budget Shoppers
CUST1249,69,80,73,39,227.6,1.6,8,4664,South,Male,227.76,0.20460358056265984,101.28,0,Budget Shoppers
CUST1250,51,141,26,26,169.67,4.5,2,1415,North,Male,95.316,0.07662835249042145,50.8,1,High Value
CUST1251,23,70,66,46,262.95,0.9,1,201,West,Male,212.52,0.021691973969631236,8.52,0,Budget Shoppers
CUST1252,39,40,73,50,230.97,7.5,2,2369,West,Male,146.0,0.03992015968063872,84.88,1,High Value
CUST1253,28,24,73,15,70.72,9.2,8,517,North,Male,26.28,0.5298013245033113,56.34,2,At-Risk
CUST1254,65,111,40,34,327.6,3.2,6,1341,South,Female,150.96,0.1759530791788856,42.82,1,High Value
CUST1255,33,80,17,42,123.7,8.7,8,4776,South,Female,57.12,0.19002375296912113,139.01999999999998,1,High Value
CUST1256,50,41,1,44,317.4,3.3,1,1988,North,Male,1.804,0.022675736961451247,56.26,1,High Value
CUST1257,26,89,89,49,332.1,9.2,4,3545,East,Male,388.129,0.0814663951120163,116.9,0,Budget Shoppers
CUST1258,23,20,61,40,92.97,7.7,3,4520,West,Male,48.8,0.07481296758104738,128.9,1,High Value
CUST1259,33,31,43,11,49.45,8.1,1,3802,East,Male,14.663,0.0900900900900901,116.54,2,At-Risk
CUST1260,46,109,42,3,394.77,0.7,8,3275,South,Female,13.734,2.5806451612903225,69.0,3,Loyal Mid-Tier
CUST1261,20,65,25,6,240.7,9.6,8,3654,South,Male,9.75,1.3114754098360657,121.08,2,At-Risk
CUST1262,37,53,39,9,47.92,7.4,5,2434,East,Female,18.603,0.5494505494505495,85.68,2,At-Risk
CUST1263,53,97,35,6,497.54,3.4,5,4873,North,Female,20.37,0.819672131147541,114.46,2,At-Risk
CUST1264,36,64,3,9,47.73,8.4,7,207,East,Male,1.728,0.7692307692307693,46.14,2,At-Risk
CUST1265,43,92,44,39,353.62,3.2,5,2633,East,Male,157.872,0.1278772378516624,68.66,1,High Value
CUST1266,20,45,51,31,492.17,8.8,0,4117,West,Female,71.145,0.0,126.34,1,High Value
CUST1267,36,66,94,32,134.81,1.6,3,153,West,Female,198.528,0.09345794392523364,11.06,0,Budget Shoppers
CUST1268,37,140,98,41,88.28,7.2,6,3366,East,Male,562.52,0.145985401459854,103.32,0,Budget Shoppers
CUST1269,49,75,12,50,78.26,5.6,1,4314,East,Male,45.0,0.01996007984031936,114.28,1,High Value
CUST1270,24,113,19,12,165.57,1.4,8,4764,South,Male,25.764,0.6611570247933884,102.28,2,At-Risk
CUST1271,69,126,44,8,68.5,2.8,7,1518,West,Female,44.352,0.8641975308641976,44.36,2,At-Risk
CUST1272,58,82,59,8,352.24,0.6,7,2600,West,Female,38.704,0.8641975308641976,55.0,2,At-Risk
CUST1273,50,67,49,50,49.9,5.0,6,2195,South,Male,164.15,0.11976047904191617,68.9,1,High Value
CUST1274,57,80,61,28,264.52,3.4,3,4498,North,Female,136.64,0.10676156583629892,106.96,1,High Value
CUST1275,56,100,17,20,498.41,6.2,1,4691,West,Female,34.0,0.04975124378109452,124.82,1,High Value
CUST1276,35,45,74,47,410.71,3.3,2,3554,West,Male,156.51,0.04246284501061571,87.58,1,High Value
CUST1277,57,55,57,7,315.31,3.3,5,2414,North,Male,21.945,0.7042253521126761,64.78,2,At-Risk
CUST1278,18,20,55,11,167.0,7.6,4,2849,West,Female,12.1,0.3603603603603604,94.97999999999999,2,At-Risk
CUST1279,28,27,47,20,319.47,1.0,7,1742,West,Female,25.38,0.34825870646766166,39.84,2,At-Risk
CUST1280,45,132,12,16,272.98,9.1,5,1306,North,Male,25.344,0.3105590062111801,71.62,2,At-Risk
CUST1281,42,118,62,4,224.52,8.6,5,3849,North,Male,29.264,1.2195121951219514,119.98,2,At-Risk
CUST1282,67,66,80,6,82.74,6.8,0,4168,East,Male,31.68,0.0,117.36,2,At-Risk
CUST1283,40,146,88,22,445.57,6.1,3,4576,South,Male,282.656,0.13574660633484162,122.02,0,Budget Shoppers
CUST1284,48,75,83,26,235.9,9.0,4,4655,South,Male,161.85,0.1532567049808429,138.1,0,Budget Shoppers
CUST1285,47,33,8,3,113.42,2.3,2,4840,North,Female,0.792,0.6451612903225806,108.3,2,At-Risk
CUST1286,59,47,95,41,196.52,1.3,8,4195,North,Female,183.065,0.194647201946472,90.4,0,Budget Shoppers
CUST1287,52,97,21,42,218.78,2.8,0,2555,West,Female,85.554,0.0,65.1,1,High Value
CUST1288,24,149,81,14,417.22,8.0,5,2305,East,Female,168.966,0.3546099290780142,86.1,0,Budget Shoppers
CUST1289,33,128,87,11,372.13,0.8,5,4508,East,Male,122.496,0.45045045045045046,94.16,2,At-Risk
CUST1290,43,33,80,18,389.27,6.0,9,1088,North,Male,47.52,0.49723756906077343,51.760000000000005,2,At-Risk
CUST1291,65,75,70,12,25.3,10.0,4,2642,West,Male,63.0,0.3305785123966942,102.84,2,At-Risk
CUST1292,69,134,72,23,219.75,8.6,4,1177,West,Female,221.904,0.17316017316017315,66.53999999999999,0,Budget Shoppers
CUST1293,66,26,25,12,251.05,5.5,9,4916,South,Female,7.8,0.7438016528925621,125.82,2,At-Risk
CUST1294,19,22,82,13,29.21,1.1,4,4757,South,Female,23.452,0.3053435114503817,100.64,2,At-Risk
CUST1295,18,130,89,25,144.71,8.4,5,2994,West,Male,289.25,0.199203187250996,101.88,0,Budget Shoppers
CUST1296,65,126,12,45,384.94,6.2,7,559,South,Female,68.04,0.15521064301552107,42.18,1,High Value
CUST1297,29,37,15,51,85.81,1.6,1,2964,North,Male,28.305,0.019569471624266144,67.28,1,High Value
CUST1298,22,57,59,19,276.95,1.4,5,1271,West,Male,63.897,0.2617801047120419,32.42,2,At-Risk
CUST1299,54,134,26,46,123.3,9.1,0,1813,South,Male,160.264,0.0,81.75999999999999,1,High Value
CUST1300,49,34,26,36,25.82,6.9,3,2915,East,Male,31.824,0.08310249307479224,92.8,1,High Value
CUST1301,26,138,47,45,135.78,8.4,9,609,West,Male,291.87,0.19955654101995565,54.18,0,Budget Shoppers
CUST1302,58,47,32,8,488.42,8.9,2,2461,West,Male,12.032,0.2469135802469136,93.72,2,At-Risk
CUST1303,52,58,10,29,404.74,5.9,8,4120,East,Female,16.82,0.274914089347079,111.9,1,High Value
CUST1304,36,36,16,32,480.6,5.4,2,283,North,Male,18.432,0.06230529595015576,32.66,1,High Value
CUST1305,65,105,71,51,254.17,4.6,5,2928,East,Male,380.205,0.09784735812133072,81.56,0,Budget Shoppers
CUST1306,33,145,17,44,72.67,3.5,0,4396,West,Female,108.46,0.0,105.42,1,High Value
CUST1307,20,63,23,18,283.02,4.6,5,1091,North,Male,26.082,0.2762430939226519,44.82,2,At-Risk
CUST1308,37,44,26,6,238.1,7.9,3,816,South,Female,6.864,0.49180327868852464,55.82,2,At-Risk
CUST1309,41,32,85,18,425.29,6.2,7,82,South,Female,48.96,0.38674033149171266,32.64,2,At-Risk
CUST1310,50,44,86,19,67.08,9.0,8,1920,South,Female,71.896,0.41884816753926696,83.4,2,At-Risk
CUST1311,41,87,7,22,254.36,4.7,3,3491,West,Male,13.398,0.13574660633484162,93.32,1,High Value
CUST1312,69,86,14,37,92.02,6.3,9,3144,East,Male,44.548,0.2425876010781671,94.38,1,High Value
CUST1313,28,128,79,32,175.84,6.5,9,2093,North,Female,323.584,0.2803738317757009,74.36,0,Budget Shoppers
CUST1314,66,130,7,41,373.93,6.1,5,4713,South,Male,37.31,0.121654501216545,124.76,1,High Value
CUST1315,25,130,9,3,248.49,7.2,0,175,North,Male,3.51,0.0,39.5,2,At-Risk
CUST1316,53,53,48,28,200.43,2.8,3,2704,West,Female,71.232,0.10676156583629892,68.08,1,High Value
CUST1317,55,130,72,10,209.35,5.4,6,4937,South,Female,93.6,0.594059405940594,125.74,2,At-Risk
CUST1318,57,27,59,51,240.53,1.5,0,369,West,Male,81.243,0.0,14.879999999999999,1,High Value
CUST1319,37,132,87,35,396.81,4.2,7,1818,East,Female,401.94,0.19943019943019943,57.36,0,Budget Shoppers
CUST1320,52,102,93,29,448.2,5.1,9,2101,West,Female,275.094,0.30927835051546393,67.52000000000001,0,Budget Shoppers
CUST1321,65,61,82,15,478.56,6.7,5,4785,West,Female,75.03,0.33112582781456956,129.2,2,At-Risk
CUST1322,42,120,95,33,397.71,9.5,4,3490,East,Male,376.2,0.12084592145015105,117.3,0,Budget Shoppers
CUST1323,52,25,94,7,171.4,6.2,9,1779,North,Male,16.45,1.267605633802817,66.58,2,At-Risk
CUST1324,42,45,39,12,350.3,7.6,8,1364,East,Male,21.06,0.6611570247933884,65.28,2,At-Risk
CUST1325,46,83,99,49,230.05,5.3,1,4462,East,Female,402.633,0.020366598778004074,115.74,0,Budget Shoppers
CUST1326,35,78,18,30,142.24,6.5,4,3342,West,Male,42.12,0.13289036544850497,99.34,1,High Value
CUST1327,63,128,59,21,423.62,1.2,5,4739,North,Female,158.592,0.23696682464454974,100.78,0,Budget Shoppers
CUST1328,35,140,17,31,38.44,2.9,6,3676,South,Male,73.78,0.19292604501607716,88.02,1,High Value
CUST1329,19,52,14,24,452.85,3.9,4,2426,East,Male,17.472,0.16597510373443983,68.02000000000001,1,High Value
CUST1330,52,40,31,20,241.51,5.0,8,72,North,Female,24.8,0.3980099502487562,26.44,2,At-Risk
CUST1331,33,89,24,37,325.86,0.9,0,2962,East,Male,79.032,0.0,63.74,1,High Value
CUST1332,58,131,99,4,336.49,1.8,6,859,East,Female,51.876,1.4634146341463417,26.18,2,At-Risk
CUST1333,53,23,60,28,449.66,3.1,9,3856,East,Male,38.64,0.32028469750889677,92.62,1,High Value
CUST1334,50,113,45,44,325.6,9.7,6,4138,East,Male,223.74,0.13605442176870747,131.26,0,Budget Shoppers
CUST1335,21,94,98,20,314.69,3.6,3,2424,West,Female,184.24,0.14925373134328357,66.47999999999999,0,Budget Shoppers
CUST1336,50,81,3,24,51.99,5.1,8,1064,North,Female,5.832,0.33195020746887965,46.78,1,High Value
CUST1337,31,113,37,50,268.84,2.4,4,2217,North,Female,209.05,0.07984031936127745,56.34,1,High Value
CUST1338,38,114,43,49,92.08,6.3,3,4017,North,Male,240.198,0.06109979633401222,111.84,0,Budget Shoppers
CUST1339,65,74,40,51,373.97,3.2,6,2259,East,Male,150.96,0.11741682974559686,61.18,1,High Value
CUST1340,37,50,90,32,265.87,2.5,3,3751,West,Male,144.0,0.09345794392523364,87.52,0,Budget Shoppers
CUST1341,25,59,55,41,346.51,5.4,2,2086,East,Female,133.045,0.048661800486618,68.72,1,High Value
CUST1342,24,55,87,36,40.0,0.6,8,368,East,Female,172.26,0.22160664819944598,10.36,0,Budget Shoppers
CUST1343,20,25,39,34,60.7,0.6,7,2804,North,Female,33.15,0.20527859237536655,59.08,1,High Value
CUST1344,34,85,15,36,363.84,2.6,0,150,East,Male,45.9,0.0,16.0,1,High Value
CUST1345,50,94,4,2,54.6,0.8,6,1134,South,Male,0.752,2.857142857142857,26.68,3,Loyal Mid-Tier
CUST1346,65,23,93,15,54.2,1.5,8,2784,East,Female,32.085,0.5298013245033113,63.18,2,At-Risk
CUST1347,29,98,86,34,25.81,3.7,7,4164,South,Male,286.552,0.20527859237536655,101.78,0,Budget Shoppers
CUST1348,68,137,25,36,479.12,8.1,7,2346,East,Female,123.3,0.19390581717451522,87.42,1,High Value
CUST1349,39,132,13,6,374.0,5.9,5,4897,West,Male,10.296,0.819672131147541,127.44,2,At-Risk
CUST1350,39,113,82,39,189.56,5.4,3,2250,West,Male,361.374,0.07672634271099744,72.0,0,Budget Shoppers
CUST1351,63,81,33,42,162.34,3.3,7,60,North,Female,112.266,0.166270783847981,17.7,1,High Value
CUST1352,47,98,16,51,187.86,9.4,2,3010,East,Male,79.968,0.03913894324853229,107.2,1,High Value
CUST1353,55,45,42,51,391.83,4.3,8,3901,South,Male,96.39,0.15655577299412915,99.52,1,High Value
CUST1354,55,63,66,12,337.46,1.3,1,1337,South,Female,49.896,0.08264462809917356,33.239999999999995,2,At-Risk
CUST1355,62,89,55,3,108.89,6.4,1,1184,East,Female,14.685,0.3225806451612903,55.68,2,At-Risk
CUST1356,68,137,99,45,103.57,1.6,6,4426,South,Male,610.335,0.13303769401330376,96.52,0,Budget Shoppers
CUST1357,25,87,42,18,67.23,3.8,9,1551,West,Female,65.772,0.49723756906077343,50.019999999999996,2,At-Risk
CUST1358,44,38,34,40,336.95,5.3,3,4433,South,Male,51.68,0.07481296758104738,115.16,1,High Value
CUST1359,44,39,30,21,386.9,8.8,9,1629,North,Female,24.57,0.42654028436018954,76.58,2,At-Risk
CUST1360,51,132,13,15,147.22,5.2,7,1327,West,Male,25.74,0.4635761589403974,52.54,2,At-Risk
CUST1361,38,66,13,33,30.05,7.2,8,1526,West,Male,28.314,0.2416918429003021,66.52,1,High Value
CUST1362,47,20,18,35,59.44,9.9,6,1673,West,Female,12.6,0.17094017094017094,82.96000000000001,1,High Value
CUST1363,50,109,32,26,484.57,1.7,4,1361,East,Male,90.688,0.1532567049808429,35.72,1,High Value
CUST1364,45,83,96,8,161.81,3.1,7,1573,East,Male,63.744,0.8641975308641976,46.96,2,At-Risk
CUST1365,64,57,99,36,389.23,4.2,3,2686,West,Female,203.148,0.08310249307479224,74.72,0,Budget Shoppers
CUST1366,50,56,39,48,319.84,4.5,1,4370,East,Female,104.832,0.020790020790020788,109.9,1,High Value
CUST1367,22,145,46,30,203.33,4.4,5,2366,South,Male,200.1,0.16611295681063123,69.32,0,Budget Shoppers
CUST1368,65,119,29,23,118.73,9.1,8,3757,East,Female,79.373,0.3463203463203463,120.64,1,High Value
CUST1369,36,96,62,42,78.27,7.3,0,2434,East,Female,249.984,0.0,85.18,0,Budget Shoppers
CUST1370,21,22,93,44,315.21,6.3,9,1993,West,Male,90.024,0.20408163265306123,71.36,1,High Value
CUST1371,52,29,62,14,391.82,3.4,6,869,North,Male,25.172,0.425531914893617,34.379999999999995,2,At-Risk
CUST1372,66,24,57,14,329.07,8.3,9,1014,North,Female,19.152,0.6382978723404256,61.78,2,At-Risk
CUST1373,34,149,16,2,274.55,9.6,8,1911,North,Female,4.768,3.8095238095238093,86.22,3,Loyal Mid-Tier
CUST1374,61,32,56,37,40.14,8.3,9,602,South,Female,66.304,0.2425876010781671,53.54,1,High Value
CUST1375,45,149,10,5,484.87,0.5,8,3821,East,Male,7.45,1.5686274509803924,78.92,2,At-Risk
CUST1376,47,103,30,38,403.38,6.5,9,690,North,Male,117.42,0.23622047244094488,46.3,1,High Value
CUST1377,46,84,25,45,160.55,1.0,2,493,West,Male,94.5,0.044345898004434586,14.86,1,High Value
CUST1378,63,82,84,41,490.39,2.9,4,489,North,Male,282.408,0.097323600973236,24.28,0,Budget Shoppers
CUST1379,23,120,5,47,308.9,1.1,7,2556,North,Male,28.2,0.14861995753715498,56.62,1,High Value
CUST1380,52,92,65,14,299.56,6.2,7,4485,East,Male,83.72,0.49645390070921985,120.7,2,At-Risk
CUST1381,58,36,94,39,379.08,7.0,3,294,East,Male,131.976,0.07672634271099744,40.88,1,High Value
CUST1382,54,28,49,25,409.65,1.6,0,4027,East,Female,34.3,0.0,88.54,1,High Value
CUST1383,41,57,3,20,335.11,4.1,0,2843,South,Female,3.42,0.0,77.36,1,High Value
CUST1384,46,113,45,2,81.49,4.8,3,2912,South,Male,10.17,1.4285714285714286,82.24000000000001,2,At-Risk
CUST1385,66,114,14,39,182.37,4.0,5,1717,North,Male,62.244,0.1278772378516624,54.34,1,High Value
CUST1386,63,68,30,6,465.48,1.6,7,2596,East,Male,12.24,1.1475409836065575,59.92,2,At-Risk
CUST1387,48,88,68,17,127.82,4.5,5,4744,North,Female,101.728,0.29239766081871343,117.38,2,At-Risk
CUST1388,52,81,18,25,198.64,7.6,8,1873,West,Male,36.45,0.3187250996015936,75.46000000000001,1,High Value
CUST1389,50,97,62,28,227.4,1.2,8,4663,West,Female,168.392,0.2846975088967971,99.26,0,Budget Shoppers
CUST1390,69,136,37,2,230.91,1.3,1,3258,East,Female,10.064,0.47619047619047616,71.66,2,At-Risk
CUST1391,38,139,25,35,314.21,3.9,9,2817,East,Female,121.625,0.2564102564102564,75.84,1,High Value
CUST1392,49,95,48,37,472.68,9.4,0,444,West,Female,168.72,0.0,55.88,1,High Value
CUST1393,40,54,65,5,135.53,6.9,1,3641,East,Female,17.55,0.19607843137254904,107.32,2,At-Risk
CUST1394,50,20,53,1,78.32,6.9,4,4458,South,Male,1.06,3.6363636363636362,123.66,3,Loyal Mid-Tier
CUST1395,20,59,79,40,114.79,3.9,3,741,South,Male,186.44,0.07481296758104738,34.32,0,Budget Shoppers
CUST1396,35,83,73,12,445.72,6.1,3,2041,East,Female,72.708,0.24793388429752067,71.32,2,At-Risk
CUST1397,42,79,15,36,329.99,0.6,8,679,West,Male,42.66,0.22160664819944598,16.58,1,High Value
CUST1398,59,83,49,45,157.24,6.5,7,2467,North,Female,183.015,0.15521064301552107,81.84,1,High Value
CUST1399,48,112,88,23,411.65,9.2,5,3697,East,Female,226.688,0.21645021645021645,119.94,0,Budget Shoppers
CUST1400,20,91,68,47,433.46,6.3,0,1358,East,Male,290.836,0.0,58.66,0,Budget Shoppers
CUST1401,57,30,12,31,426.33,8.8,1,62,North,Male,11.16,0.03215434083601286,45.24,1,High Value
CUST1402,63,124,59,11,461.08,7.4,5,2559,East,Male,80.476,0.45045045045045046,88.18,2,At-Risk
CUST1403,41,33,37,10,141.08,1.6,1,3769,North,Male,12.21,0.09900990099009901,83.38,2,At-Risk
CUST1404,67,79,61,3,382.42,9.1,9,4351,West,Male,14.457,2.903225806451613,132.51999999999998,3,Loyal Mid-Tier
CUST1405,49,49,43,14,241.06,1.1,4,134,South,Female,29.498,0.28368794326241137,8.18,2,At-Risk
CUST1406,64,54,70,16,424.16,5.6,4,3644,West,Male,60.48,0.24844720496894407,100.88,2,At-Risk
CUST1407,39,24,39,10,369.68,1.9,5,4970,South,Male,9.36,0.49504950495049505,108.9,2,At-Risk
CUST1408,40,102,56,29,392.69,0.6,5,4917,North,Male,165.648,0.1718213058419244,101.34,0,Budget Shoppers
CUST1409,19,142,63,10,334.96,4.5,5,2135,South,Female,89.46,0.49504950495049505,65.2,2,At-Risk
CUST1410,44,97,46,12,105.17,3.3,1,3278,West,Male,53.544,0.08264462809917356,82.06,2,At-Risk
CUST1411,59,81,88,30,281.61,5.1,9,822,South,Female,213.84,0.2990033222591362,41.94,0,Budget Shoppers
CUST1412,19,108,11,41,492.64,6.0,2,3074,North,Male,48.708,0.048661800486618,91.47999999999999,1,High Value
CUST1413,43,61,62,1,469.95,0.9,5,2981,South,Male,3.782,4.545454545454545,64.12,3,Loyal Mid-Tier
CUST1414,34,108,77,5,40.72,1.7,7,120,East,Female,41.58,1.3725490196078431,10.9,2,At-Risk
CUST1415,57,59,98,20,99.11,5.8,0,1637,West,Male,115.64,0.0,61.74,2,At-Risk
CUST1416,50,91,25,8,83.23,3.8,0,924,East,Male,18.2,0.0,37.480000000000004,2,At-Risk
CUST1417,26,58,71,43,368.47,7.4,1,644,North,Female,177.074,0.02320185614849188,49.88,0,Budget Shoppers
CUST1418,60,123,52,12,412.54,6.7,5,2032,South,Male,76.752,0.4132231404958678,74.14,2,At-Risk
CUST1419,65,33,4,1,122.49,8.5,8,2761,East,Female,0.132,7.2727272727272725,97.72,3,Loyal Mid-Tier
CUST1420,56,51,59,20,262.81,7.1,3,2068,East,Female,60.18,0.14925373134328357,76.86,2,At-Risk
CUST1421,46,144,72,28,423.54,4.6,2,241,South,Female,290.304,0.07117437722419928,27.82,0,Budget Shoppers
CUST1422,59,116,20,43,371.74,6.9,7,2668,South,Female,99.76,0.16241299303944315,87.86,1,High Value
CUST1423,43,42,93,37,280.27,3.1,9,802,West,Female,144.522,0.2425876010781671,31.54,0,Budget Shoppers
CUST1424,52,82,63,47,303.37,3.4,8,4164,East,Male,242.802,0.16985138004246284,100.28,0,Budget Shoppers
CUST1425,67,72,54,37,264.01,8.0,4,195,East,Male,143.856,0.10781671159029649,43.9,1,High Value
CUST1426,42,123,74,12,162.82,4.7,8,2187,North,Male,109.224,0.6611570247933884,67.24000000000001,2,At-Risk
CUST1427,41,123,98,37,291.21,8.1,1,3515,West,Female,445.998,0.026954177897574122,110.8,0,Budget Shoppers
CUST1428,30,58,57,49,350.66,8.3,2,2330,North,Female,161.994,0.04073319755600815,88.1,1,High Value
CUST1429,24,86,90,49,439.19,8.6,6,2359,East,Female,379.26,0.12219959266802444,90.18,0,Budget Shoppers
CUST1430,53,61,41,44,325.42,9.2,6,4841,North,Female,110.044,0.13605442176870747,142.82,1,High Value
CUST1431,62,34,3,28,385.34,4.6,5,3606,East,Male,2.856,0.1779359430604982,95.12,1,High Value
CUST1432,37,130,6,47,96.83,3.5,5,276,East,Male,36.66,0.10615711252653927,23.02,1,High Value
CUST1433,18,52,5,15,241.55,6.0,1,60,North,Female,3.9,0.06622516556291391,31.2,2,At-Risk
CUST1434,25,57,5,6,24.48,4.0,9,3390,North,Female,1.71,1.4754098360655739,87.8,2,At-Risk
CUST1435,63,116,54,44,138.41,6.2,5,1913,South,Male,275.616,0.11337868480725623,69.25999999999999,0,Budget Shoppers
CUST1436,33,52,47,20,368.7,7.2,3,3927,South,Female,48.88,0.14925373134328357,114.54,2,At-Risk
CUST1437,31,105,87,50,496.07,7.0,2,2591,South,Female,456.75,0.03992015968063872,86.82,0,Budget Shoppers
CUST1438,29,85,49,14,67.61,4.1,1,566,East,Female,58.31,0.07092198581560284,31.82,2,At-Risk
CUST1439,68,29,9,2,212.72,2.1,0,3935,North,Male,0.522,0.0,89.2,2,At-Risk
CUST1440,40,24,99,9,404.03,4.6,4,1571,West,Male,21.384,0.43956043956043955,54.42,2,At-Risk
CUST1441,32,142,20,37,117.94,1.9,1,4717,East,Female,105.08,0.026954177897574122,103.84,1,High Value
CUST1442,45,93,61,20,286.44,9.0,1,1200,West,Male,113.46,0.04975124378109452,69.0,2,At-Risk
CUST1443,51,116,35,26,371.87,3.8,6,4409,North,Female,105.56,0.22988505747126436,107.18,1,High Value
CUST1444,19,137,50,29,315.67,2.0,7,2854,East,Female,198.65,0.24054982817869414,67.08,0,Budget Shoppers
CUST1445,49,57,82,1,110.25,0.7,9,2895,West,Male,4.674,8.181818181818182,61.4,3,Loyal Mid-Tier
CUST1446,40,66,62,35,190.58,6.6,7,1236,West,Female,143.22,0.19943019943019943,57.72,1,High Value
CUST1447,39,128,17,6,396.22,6.6,3,136,South,Female,13.056,0.49180327868852464,35.72,2,At-Risk
CUST1448,68,34,88,37,286.03,3.7,0,1029,South,Male,110.704,0.0,39.08,1,High Value
CUST1449,42,24,3,5,22.51,1.2,6,2156,South,Female,0.36,1.1764705882352942,49.12,2,At-Risk
CUST1450,39,66,32,33,385.28,4.4,0,2594,East,Female,69.696,0.0,73.88,1,High Value
CUST1451,39,87,99,49,36.95,3.5,3,661,North,Female,422.037,0.06109979633401222,30.72,0,Budget Shoppers
CUST1452,66,95,13,51,377.95,6.9,7,2472,North,Male,62.985,0.136986301369863,83.94,1,High Value
CUST1453,69,149,89,14,117.19,6.3,1,2677,South,Female,185.654,0.07092198581560284,85.03999999999999,0,Budget Shoppers
CUST1454,59,114,73,12,479.88,4.0,5,2308,South,Male,99.864,0.4132231404958678,66.16,2,At-Risk
CUST1455,23,134,68,42,196.61,2.6,5,86,South,Female,382.704,0.1187648456057007,14.72,0,Budget Shoppers
CUST1456,32,55,14,20,176.93,9.9,8,2512,West,Female,15.4,0.3980099502487562,99.74000000000001,2,At-Risk
CUST1457,60,45,98,50,91.47,4.8,4,2942,South,Female,220.5,0.07984031936127745,82.84,0,Budget Shoppers
CUST1458,54,62,11,24,166.69,7.0,9,2773,West,Female,16.368,0.37344398340248963,90.46000000000001,1,High Value
CUST1459,50,46,56,43,440.79,1.8,3,2504,North,Male,110.768,0.06960556844547564,59.08,1,High Value
CUST1460,25,88,67,34,498.24,5.1,4,3310,East,Male,200.464,0.11730205278592375,91.7,0,Budget Shoppers
CUST1461,61,30,92,25,196.79,0.8,9,1700,East,Female,69.0,0.3585657370517928,38.0,2,At-Risk
CUST1462,61,93,29,50,235.33,5.3,4,3670,East,Female,134.85,0.07984031936127745,99.9,1,High Value
CUST1463,22,123,9,29,366.59,9.7,7,2700,East,Female,32.103,0.24054982817869414,102.5,1,High Value
CUST1464,56,57,67,39,445.37,4.1,9,3629,West,Female,148.941,0.23017902813299232,93.08,1,High Value
CUST1465,21,42,25,31,304.66,0.9,7,4590,West,Female,32.55,0.22508038585209003,96.3,1,High Value
CUST1466,23,66,98,47,207.93,0.8,1,1647,South,Female,303.996,0.021231422505307854,36.94,0,Budget Shoppers
CUST1467,62,109,76,43,218.06,4.2,6,3318,West,Female,356.212,0.13921113689095127,87.36,0,Budget Shoppers
CUST1468,49,65,42,50,353.9,2.0,7,3687,South,Female,136.5,0.13972055888223553,83.74,1,High Value
CUST1469,69,126,9,23,21.54,0.7,5,596,South,Male,26.082,0.21645021645021645,15.42,1,High Value
CUST1470,47,123,79,44,317.4,7.7,4,4545,East,Male,427.548,0.09070294784580499,129.4,0,Budget Shoppers
CUST1471,64,130,40,38,190.64,4.9,8,484,West,Male,197.6,0.2099737532808399,34.18,1,High Value
CUST1472,52,123,25,20,401.21,3.2,2,645,West,Female,61.5,0.09950248756218905,28.9,1,High Value
CUST1473,57,79,5,23,64.64,9.1,9,3089,South,Female,9.085,0.3896103896103896,107.28,1,High Value
CUST1474,69,119,11,45,302.34,1.6,3,4757,South,Female,58.905,0.06651884700665188,103.14,1,High Value
CUST1475,33,87,59,16,250.87,9.6,8,4853,North,Male,82.128,0.49689440993788814,145.06,2,At-Risk
CUST1476,30,139,98,50,328.32,3.5,5,4384,North,Female,681.1,0.0998003992015968,105.18,0,Budget Shoppers
CUST1477,67,56,88,42,51.13,8.9,7,720,South,Male,206.976,0.166270783847981,58.9,0,Budget Shoppers
CUST1478,59,91,79,8,298.39,6.2,6,4733,North,Female,57.512,0.7407407407407408,125.66,2,At-Risk
CUST1479,47,146,38,50,289.51,8.4,1,498,North,Male,277.4,0.01996007984031936,51.96,0,Budget Shoppers
CUST1480,36,125,72,21,289.12,9.8,2,4729,South,Male,189.0,0.0947867298578199,143.57999999999998,0,Budget Shoppers
CUST1481,34,111,5,1,309.67,3.2,0,1673,South,Male,0.555,0.0,49.46,2,At-Risk
CUST1482,36,50,48,8,344.7,9.6,8,3067,West,Female,19.2,0.9876543209876544,109.34,2,At-Risk
CUST1483,45,141,90,29,406.39,4.2,6,114,South,Male,368.01,0.20618556701030927,23.28,0,Budget Shoppers
CUST1484,43,70,18,32,149.51,4.2,0,2979,South,Female,40.32,0.0,80.58,1,High Value
CUST1485,54,48,70,38,416.02,3.7,2,4769,East,Female,127.68,0.05249343832020997,113.88,1,High Value
CUST1486,43,59,37,5,259.16,5.6,3,1736,West,Female,10.915,0.5882352941176471,62.72,2,At-Risk
CUST1487,40,60,60,47,56.99,2.0,3,3611,West,Female,169.2,0.06369426751592357,82.22,1,High Value
CUST1488,26,30,48,22,48.1,5.8,4,2253,West,Female,31.68,0.18099547511312217,74.06,2,At-Risk
CUST1489,29,20,77,47,180.43,5.6,2,2294,East,Male,72.38,0.04246284501061571,73.88,1,High Value
CUST1490,18,65,28,34,396.75,7.7,2,3630,South,Female,61.88,0.05865102639296187,111.1,1,High Value
CUST1491,18,120,69,1,359.69,8.4,0,146,West,Female,8.28,0.0,44.92,2,At-Risk
CUST1492,64,109,77,26,398.54,4.7,6,3982,West,Female,218.218,0.22988505747126436,103.14,0,Budget Shoppers
CUST1493,51,129,81,43,268.29,3.4,9,3453,North,Female,449.307,0.2088167053364269,86.06,0,Budget Shoppers
CUST1494,49,76,40,10,231.3,3.0,0,4507,West,Female,30.4,0.0,105.14,2,At-Risk
CUST1495,65,20,45,30,90.78,2.3,1,2410,South,Male,27.0,0.03322259136212624,59.7,1,High Value
CUST1496,42,82,96,50,177.53,1.0,3,136,South,Male,393.6,0.059880239520958084,7.720000000000001,0,Budget Shoppers
CUST1497,57,74,62,18,228.33,3.8,3,3360,North,Female,82.584,0.16574585635359115,86.2,2,At-Risk
CUST1498,62,134,93,17,62.53,3.1,4,3005,West,Male,211.854,0.23391812865497075,75.6,0,Budget Shoppers
CUST1499,18,72,58,26,125.89,9.7,1,3552,West,Male,108.576,0.038314176245210725,119.54,2,At-Risk
